date,company,prob,weight,actual_return_pct,allotment_ratio,allocated,is_holdout
2017-01-25,BSE Ltd.,0.6065266817069813,1.0,34.61538461538461,0.006311935870731553,True,False
2017-03-08,Music Broadcast Ltd.,0.6080917129399613,1.0,24.024024024024023,0.009167583425009168,True,False
2017-03-10,Avenue Supermarts Ltd.,0.6510088507759282,1.0,100.66889632107024,0.0036737692872887582,True,False
2017-03-22,CL Educate Ltd.,0.4032433902321295,0.0,-19.9203187250996,1.0,False,False
2017-03-24,Shankara Building Products Ltd.,0.6234870204558943,1.0,20.66304347826086,0.011217049915872124,True,False
2017-04-30,S.Chand & Co.Ltd.,0.6105991399759597,1.0,4.477611940298507,0.00486073980459826,True,False
2017-05-11,Housing & Urban Development Corp.Ltd.,0.66478585936788,1.0,21.666666666666668,0.0030253524535608397,True,False
2017-05-19,PSP Projects Ltd.,0.5004928496241642,1.0,-9.523809523809524,0.10649627263045792,True,False
2017-06-16,Tejas Networks Ltd.,0.41408471720074774,1.0,0.0,1.0,True,False
2017-06-20,Eris Lifesciences Ltd.,0.4315884410457846,1.0,1.3266998341625207,1.0,True,False
2017-06-21,Central Depository Services (India) Ltd.,0.70617876489624,1.0,67.78523489932886,0.0017921146953405018,True,False
2017-06-23,GTPL Hathway Ltd.,0.3999739241940745,0.0,0.0,0.35714285714285715,False,False
2017-06-30,AU Small Finance Bank Ltd.,0.5949970485453238,1.0,48.04469273743017,0.007046719751955465,True,False
2017-07-16,Salasar Techno Engineering Ltd.,0.7214883881287574,1.0,131.4814814814815,0.0020680384655154586,True,False
2017-08-02,Security & Intelligence Services (India) Ltd.,0.5138028124033951,1.0,7.950920245398767,0.6060606060606061,True,False
2017-08-03,Cochin Shipyard Ltd.,0.6569749399298885,1.0,1.8865740740740686,0.003482985615269409,True,False
2017-08-24,Apex Frozen Foods Ltd.,0.4916460274951982,1.0,15.428571428571427,0.13850415512465375,True,False
2017-09-08,Dixon Technologies (India) Ltd.,0.666075519217579,0.5,54.303510758776895,0.0028949425353906725,True,False
2017-09-08,Bharat Road Network Ltd.,0.4375687375013154,0.5,0.0,0.9523809523809523,True,False
2017-09-13,Matrimony.com Ltd.,0.48357409366860094,1.0,0.0,1.0,True,False
2017-09-15,Capacit'e Infraprojects Ltd.,0.6996850942067968,1.0,59.599999999999994,0.0015453323237162152,True,False
2017-09-19,ICICI Lombard General Insurance Co.Ltd.,0.41503193377020703,1.0,-1.4977307110438696,1.0,True,False
2017-09-24,SBI Life Insurance Co.Ltd.,0.4149005692907259,1.0,5.0,1.0,True,False
2017-09-26,Prataap Snacks Ltd.,0.6149800605692844,1.0,35.39445628997868,0.0099000099000099,True,False
2017-10-06,Godrej Agrovet Ltd.,0.6496979138731978,1.0,33.82608695652174,0.004196743327178109,True,False
2017-10-10,MAS Financial Services Ltd.,0.6839278486083034,1.0,43.790849673202615,0.0026301946344029457,True,False
2017-10-11,Indian Energy Exchange Ltd.,0.4242870947602197,1.0,-9.090909090909092,1.0,True,False
2017-10-13,General Insurance Corp.of India,0.3820137238403962,0.0,-6.798245614035088,1.0,False,False
2017-10-27,Reliance Nippon Life Asset Management Ltd.,0.6300824796418824,1.0,17.42063492063491,0.004751270964983133,True,False
2017-11-02,Mahindra Logistics Ltd.,0.490278461273101,1.0,0.0,0.5434782608695652,True,False
2017-11-04,"New India Assurance Co.Ltd.,The",0.30542135870585757,0.0,-6.25,1.0,False,False
2017-11-06,Khadim India Ltd.,0.3542918947756616,0.0,-2.666666666666667,1.0,False,False
2017-11-09,HDFC Standard Life Insurance Co.Ltd.,0.40920576618364796,1.0,6.896551724137931,0.4484304932735426,True,False
2017-12-07,Shalby Ltd.,0.38576241002828054,0.0,-3.3467741935483915,1.0,False,False
2017-12-08,Future Supply Chain Solutions Ltd.,0.4894251310480198,1.0,0.0,0.09041591320072333,True,False
2017-12-20,Astron Paper & Board Mill Ltd.,0.8621283911287237,1.0,130.0,0.00253716953366824,True,False
2018-01-12,Apollo Micro Systems Ltd.,0.8373516651932115,1.0,69.0909090909091,0.0010378504042427325,True,False
2018-01-18,Newgen Software Technologies Ltd.,0.4999495186297646,1.0,3.7142857142857117,0.1858736059479554,True,False
2018-01-19,Amber Enterprises India Ltd.,0.7870865022210415,1.0,36.78696158323632,0.001929384526336099,True,False
2018-02-15,Aster DM Healthcare Ltd.,0.33563320534689306,0.0,-3.684210526315789,1.0,False,False
2018-02-28,H.G.Infra Engineering Ltd.,0.44613292914073566,1.0,0.0,0.21551724137931036,True,False
2018-03-15,Bharat Dynamics Ltd.,0.3394530203151855,0.0,-13.551401869158877,1.0,False,False
2018-03-19,Bandhan Bank Ltd.,0.5099120914190639,1.0,33.06666666666666,0.0724112961622013,True,False
2018-03-20,Hindustan Aeronautics Ltd.,0.30469277377452014,0.0,-5.185185185185185,1.0,False,False
2018-03-21,Sandhar Technologies Ltd.,0.442285991428176,1.0,4.2469879518072355,0.16181229773462785,True,False
2018-03-21,Karda Constructions Ltd.,0.3516951641856847,0.0,-24.444444444444443,1.0,False,False
2018-03-23,Mishra Dhatu Nigam Ltd.,0.3208150208933023,0.0,-3.3333333333333335,1.0,False,False
2018-03-26,ICICI Securities Ltd.,0.3266827274230139,0.0,-16.346153846153847,1.0,False,False
2018-03-28,Lemon Tree Hotels Ltd.,0.30309698066822227,0.0,10.000000000000002,1.0,False,False
2018-05-11,IndoStar Capital Finance Ltd.,0.4541300972541621,1.0,4.895104895104895,0.12738853503184713,True,False
2018-06-22,RITES Ltd.,0.7651713229015409,0.5,2.7027027027027026,0.005193456245131134,True,False
2018-06-22,Fine Organic Industries Ltd.,0.4851030194889894,0.5,4.086845466155811,0.05333333333333334,True,False
2018-06-28,Varroc Engineering Ltd.,0.37938670945318564,0.0,4.963805584281282,0.6622516556291391,False,False
2018-07-20,TCNS Clothing Co.Ltd.,0.41018673188513016,1.0,0.0,0.20449897750511248,True,False
2018-07-27,HDFC Asset Management Co.Ltd.,0.733144521836267,1.0,56.93181818181819,0.005144297546170071,True,False
2018-08-10,CreditAccess Grameen Ltd.,0.34326890773569174,0.0,-7.5829383886255926,1.0,False,False
2018-09-19,IRCON International Ltd.,0.5533966914312114,1.0,-13.263157894736842,0.2680965147453083,True,False
2018-09-27,Aavas Financiers Ltd.,0.3013093024738267,0.0,-8.647990255785627,1.0,False,False
2018-10-01,Garden Reach Shipbuilders & Engineers Ltd.,0.30565667147837877,0.0,-13.135593220338984,1.0,False,False
2019-01-25,Xelpmoc Design & Tech Ltd.,0.4222000826204164,1.0,-13.636363636363635,0.12180267965895249,True,False
2019-01-31,Chalet Hotels Ltd.,0.3186582209749603,0.0,3.9285714285714284,1.0,False,False
2019-03-20,MSTC Ltd.,0.3728951258639312,0.0,-4.166666666666666,0.591715976331361,False,False
2019-04-03,Rail Vikas Nigam Ltd.,0.3691682836304171,0.0,0.0,1.0,False,False
2019-04-05,Metropolis Healthcare Ltd.,0.4229336832208332,1.0,8.863636363636363,0.36363636363636365,True,False
2019-04-09,Polycab India Ltd.,0.6733719149922988,1.0,17.657992565055764,0.009204712812960236,True,False
2019-04-26,Neogen Chemicals Ltd.,0.6923542833598836,1.0,16.74418604651163,0.00876731544800982,True,False
2019-06-26,IndiaMART InterMESH Ltd.,0.6599452826073521,1.0,21.274409044193217,0.016108247422680414,True,False
2019-07-31,Affle (India) Ltd.,0.7164178296512228,1.0,24.295302013422816,0.005041847332862761,True,False
2019-08-07,Spandana Sphoorty Financial Ltd.,0.30488850220061325,0.0,-3.6214953271028034,1.0,False,False
2019-08-08,Sterling & Wilson Solar Ltd.,0.3267314354550398,0.0,-9.487179487179487,1.0,False,False
2019-10-03,Indian Railway Catering & Tourism Corp.Ltd.,0.7926087162859031,1.0,95.625,0.0028487593652964135,True,False
2019-10-04,Vishwaraj Sugar Industries Ltd.,0.32736659753647535,0.0,2.000000000000005,0.5714285714285714,False,False
2019-11-26,CSB Bank Ltd.,0.7685573848005376,1.0,41.02564102564102,0.006087538808059901,True,False
2019-12-04,Ujjivan Small Finance Bank Ltd.,0.8194486225257178,1.0,58.78378378378378,0.0021126909344432003,True,False
2019-12-20,Prince Pipes & Fittings Ltd.,0.3569787807440929,0.0,-10.112359550561797,1.0,False,False
2020-03-05,SBI Cards & Payment Services Ltd.,0.5899966353596794,1.0,-12.450331125827814,0.023030861354214647,True,False
2020-03-16,Antony Waste Handling Cell Ltd.,0.5822435429031615,1.0,38.44444444444445,0.05385029617662897,True,False
2020-07-15,Rossari Biotech Ltd.,0.7149843799797113,1.0,57.470588235294116,0.004223151315511635,True,False
2020-09-09,Happiest Minds Technologies Ltd.,0.8125474424802859,1.0,110.8433734939759,0.002870016933099905,True,False
2020-09-11,Route Mobile Ltd.,0.7338138225883062,1.0,104.85714285714285,0.005160491278769739,True,False
2020-09-23,Chemcon Speciality Chemicals Ltd.,0.8108048078487475,0.5,114.99999999999999,0.002242605009979592,True,False
2020-09-23,Computer Age Management Services Ltd.,0.6682780165916448,0.5,23.414634146341466,0.00898391878537418,True,False
2020-09-24,Angel Broking Ltd.,0.4009597042417478,0.0,-10.130718954248366,1.0,False,False
2020-10-01,Mazagon Dock Shipbuilders Ltd.,0.8351505133653937,1.0,48.20689655172414,0.0014844063116956374,True,False
2020-10-01,UTI Asset Management Co.Ltd.,0.3640874763369056,0.0,-9.747292418772563,1.0,False,False
2020-10-07,Likhitha Infrastructure Ltd.,0.5783894154143793,1.0,8.333333333333332,0.6896551724137931,True,False
2020-10-22,Equitas Small Finance Bank Ltd.,0.3475551120574137,0.0,-5.757575757575753,1.0,False,False
2020-11-11,Gland Pharma Ltd.,0.32753885295313173,0.0,14.000000000000002,1.0,False,False
2020-12-04,Burger King India Ltd.,0.813704170089617,1.0,87.5,0.002800649750742172,True,False
2020-12-17,Mrs.Bectors Food Specialities Ltd.,0.8207241378315284,1.0,73.61111111111111,0.0016137882064357874,True,False
2021-01-20,Indian Railway Finance Corp.Ltd.,0.40527566581707625,0.0,-4.230769230769236,0.4273504273504274,False,False
2021-01-22,Indigo Paints Ltd.,0.7738753495214077,1.0,75.0,0.0038178139197495515,True,False
2021-01-25,Home First Finance Co.India Ltd.,0.6214608649832812,1.0,19.45945945945945,0.02653927813163482,True,False
2021-01-28,Stove Kraft Ltd.,0.6115118979338936,1.0,29.35064935064935,0.0316055625790139,True,False
2021-02-17,Nureca Ltd.,0.7085499550531021,1.0,53.75,0.033123550844650546,True,False
2021-02-18,RailTel Corp.of India Ltd.,0.6969487238766355,1.0,15.957446808510639,0.01379690949227373,True,False
2021-02-25,Heranba Industries Ltd.,0.7330874070359671,1.0,43.54066985645933,0.0037485474378678263,True,False
2021-03-05,MTAR Technologies Ltd.,0.8197822538440099,1.0,82.6086956521739,0.0015540740050041183,True,False
2021-03-10,Easy Trip Planners Ltd.,0.816559455295701,1.0,13.502673796791445,0.002608650284342881,True,False
2021-03-16,Anupam Rasayan India Ltd.,0.6870176480670095,1.0,-6.306306306306306,0.010235414534288638,True,False
2021-03-17,Craftsman Automation Ltd.,0.40958526125812805,0.5,-8.791946308724832,0.44052863436123346,True,False
2021-03-17,Laxmi Organic Industries Ltd.,0.7762414452865661,0.5,19.615384615384617,0.004570592805886924,True,False
2021-03-18,Kalyan Jewellers India Ltd.,0.37577045081899785,0.0,-14.999999999999996,0.7407407407407407,False,False
2021-03-19,Suryoday Small Finance Bank Ltd.,0.37175231806957176,0.0,-4.2622950819672125,0.8474576271186441,False,False
2021-03-19,Nazara Technologies Ltd.,0.8258221141657169,1.0,80.74477747502272,0.0025795800443687766,True,False
2021-03-26,Barbeque-Nation Hospitality Ltd.,0.47428184146968166,1.0,-2.0299999999999954,0.32679738562091504,True,False
2021-04-09,Macrotech Developers Ltd.,0.3175741508600435,0.0,-10.2880658436214,0.9803921568627451,False,False
2021-06-16,Shyam Metalics & Energy Ltd.,0.76465697142924,1.0,24.18300653594771,0.00298971537909591,True,False
2021-06-16,Sona BLW Precision Forgings Ltd.,0.3455991147242475,0.0,3.436426116838488,1.0,False,False
2021-06-18,Dodla Dairy Ltd.,0.6884717405388368,1.0,28.504672897196258,0.013636983499249966,True,False
2021-06-18,Krishna Institute of Medical Sciences Ltd.,0.39590522916431714,0.0,22.3030303030303,0.5524861878453039,False,False
2021-06-25,India Pesticides Ltd.,0.6501199628710801,1.0,18.243243243243242,0.0188821752265861,True,False
2021-07-09,Clean Science & Technology Ltd.,0.7413516627956421,0.5,95.0,0.00485366208804543,True,False
2021-07-09,G R Infraprojects Ltd.,0.7587225547253076,0.5,104.99999999999999,0.00422029964127453,True,False
2021-07-16,Zomato Ltd.,0.6311482457852424,1.0,51.31578947368421,0.029036004645760744,True,False
2021-07-20,Tatva Chintan Pharma Chem Ltd.,0.8221610213707483,1.0,95.0,0.0019876368984913834,True,False
2021-07-29,Glenmark Life Sciences Ltd.,0.6927484431132657,1.0,4.166666666666666,0.00801153661272232,True,False
2021-07-30,Rolex Rings Ltd.,0.7919752914515792,1.0,38.88888888888889,0.0028115950178536284,True,False
2021-08-06,Exxaro Tiles Ltd.,0.6228804785836509,0.25,5.0,0.2192982456140351,True,False
2021-08-06,Windlas Biotech Ltd.,0.6294279326506539,0.25,-5.0,0.06775067750677508,True,False
2021-08-06,Devyani International Ltd.,0.7817794152841275,0.25,56.55555555555556,0.004716313729189266,True,False
2021-08-06,Krsnaa Diagnostics Ltd.,0.7443405993764561,0.25,5.403563941299786,0.00873591333973967,True,False
2021-08-11,Nuvoco Vistas Corp.Ltd.,0.3310175239701075,0.0,-14.912280701754385,1.0,False,False
2021-08-11,CarTrade Tech Ltd.,0.5658422101823589,1.0,-1.1248454882571102,0.025094102885821833,True,False
2021-08-12,Chemplast Sanmar Ltd.,0.3595261051148071,0.0,1.6635859519408502,0.9803921568627451,False,False
2021-08-12,Aptus Value Housing Finance India Ltd.,0.5276475337600212,1.0,-5.6657223796034,0.03057169061449098,True,False
2021-09-03,Ami Organics Ltd.,0.721920804912894,1.0,49.18032786885246,0.006416837782340862,True,False
2021-09-03,Vijaya Diagnostic Centre Ltd.,0.3794434345069489,0.0,1.694915254237288,1.0,False,False
2021-09-16,Sansera Engineering Ltd.,0.507408584467778,1.0,9.07258064516129,0.08960573476702509,True,False
2021-09-23,Paras Defence & Space Technologies Ltd.,0.8721407088635375,1.0,168.0,0.001038540227855726,True,False
2021-10-01,Aditya Birla Sun Life AMC Ltd.,0.4286441797546029,1.0,0.42134831460674155,0.36900369003690037,True,False
2021-11-01,FSN E-Commerce Ventures Ltd.,0.713425252477369,1.0,79.37777777777778,0.00907770515613653,True,False
2021-11-02,Fino Payments Bank Ltd.,0.3070141974458932,0.0,-5.658578856152509,1.0,False,False
2021-11-03,Sigachi Industries Ltd.,0.8236512818932382,0.5,249.6932515337423,0.006126324817741837,True,False
2021-11-03,S.J.S.Enterprises Ltd.,0.27817821271912724,0.0,0.0,0.5494505494505494,False,False
2021-11-03,PB Fintech Ltd.,0.48215224240552207,0.5,17.346938775510203,0.12468827930174564,True,False
2021-11-10,One 97 Communications Ltd.,0.2778659356604486,0.0,-9.30232558139535,1.0,False,False
2021-11-11,Sapphire Foods India Ltd.,0.42943622488160393,1.0,14.40677966101695,0.3205128205128205,True,False
2021-11-12,Latent View Analytics Ltd.,0.8976155991879108,1.0,160.00000000000003,0.0011421392267717434,True,False
2021-11-17,Tarsons Products Ltd.,0.7474059087166228,1.0,3.0211480362537766,0.005453752181500873,True,False
2021-11-22,Go Fashion (India) Ltd.,0.8239913314150459,1.0,89.85507246376811,0.003860854793251226,True,False
2021-12-02,Star Health & Allied Insurance Co.Ltd.,0.2506141941242555,0.0,-6.111111111111111,1.0,False,False
2021-12-03,Tega Industries Ltd.,0.8572584570251138,1.0,67.77041942604856,0.0015108707147929352,True,False
2021-12-06,Anand Rathi Wealth Ltd.,0.4832019296887709,1.0,9.090909090909092,0.04098360655737705,True,False
2021-12-09,Rategain Travel Technologies Ltd.,0.5404635488381437,1.0,-15.294117647058824,0.024021138601969732,True,False
2021-12-10,Shriram Properties Ltd.,0.3927984320823731,0.0,-23.728813559322035,0.3968253968253968,False,False
2021-12-13,C.E.Info systems Ltd.,0.8164307649753837,1.0,51.50048402710552,0.0023606619296050613,True,False
2021-12-14,Metro Brands Ltd.,0.32420543813657293,0.0,-12.6,0.3717472118959108,False,False
2021-12-15,Medplus Health Services Ltd.,0.6777579284179946,1.0,30.65326633165829,0.01159151501101194,True,False
2021-12-16,Data Patterns (India) Ltd.,0.8122604082542423,1.0,46.33333333333333,0.003923261014555299,True,False
2021-12-17,HP Adhesives Ltd.,0.6021185032887262,1.0,14.963503649635038,0.05491488193300384,True,False
2021-12-20,Supriya Lifescience Ltd.,0.7796912413251994,1.0,53.64963503649635,0.00613986615091791,True,False
2021-12-23,CMS Info Systems Ltd.,0.28225352543787663,0.0,1.9444444444444393,1.0,False,False
2022-01-21,AGS Transact Technologies Ltd.,0.42525669848527925,1.0,0.0,0.04065040650406504,True,False
2022-01-31,Adani Wilmar Ltd.,0.5304048366692017,1.0,-1.3043478260869565,0.01671402306535183,True,False
2022-02-08,Vedant Fashions Ltd.,0.2739731941353549,0.0,7.967667436489608,1.0,False,False
2022-03-30,Uma Exports Ltd.,0.4020560333540658,0.0,11.76470588235294,0.7194244604316548,False,False
2022-03-31,Veranda Learning Solutions Ltd.,0.37733060169548294,0.0,-8.75912408759124,0.26246719160104987,False,False
2022-04-05,Hariom Pipe Industries Ltd.,0.4449117254692933,1.0,43.790849673202615,0.14705882352941177,True,False
2022-04-28,Campus Activewear Ltd.,0.6610538281853827,1.0,23.28767123287671,0.04642525533890437,True,False
2022-04-29,Rainbow Children's Medicare Ltd.,0.4196792971918873,1.0,-5.904059040590406,0.26246719160104987,True,False
2022-05-09,Life Insurance Corp.of India,0.31993449220911496,0.0,-8.113804004214963,0.4115226337448559,False,False
2022-05-12,Prudent Corporate Advisory Services Ltd.,0.25091760397969165,0.0,3.1746031746031744,1.0,False,False
2022-05-13,Venus Pipes & Tubes Ltd.,0.5580547537916135,1.0,3.52760736196319,0.06775067750677508,True,False
2022-05-13,Delhivery Ltd.,0.2407177527552356,0.0,1.68377823408624,1.0,False,False
2022-05-19,Paradeep Phosphates Ltd.,0.27491943403358177,0.0,4.761904761904762,1.0,False,False
2022-05-20,Ethos Ltd.,0.25904502102585114,0.0,-6.0364464692482915,0.5181347150259068,False,False
2022-05-24,eMudhra Ltd.,0.2960767683639469,0.0,5.46875,1.0,False,False
2022-05-26,Aether Industries Ltd.,0.3579151428439906,0.0,9.657320872274143,0.40322580645161293,False,False
2022-08-18,Syrma SGS Technology Ltd.,0.6069064991306794,1.0,18.181818181818183,0.05656108597285068,True,False
2022-08-26,Dreamfolks Services Ltd.,0.7332535059632114,1.0,56.04294478527607,0.027344818156959255,True,False
2022-09-07,Tamilnad Mercantile Bank Ltd.,0.3739228603619238,0.0,-2.941176470588235,0.3460207612456747,False,False
2022-09-16,Harsha Engineers International Ltd.,0.7636355222169282,1.0,36.36363636363637,0.014407145944388418,True,False
2022-10-07,Electronics Mart India Ltd.,0.7653892080978496,1.0,52.54237288135594,0.014940983116689076,True,False
2022-10-12,Tracxn Technologies Ltd.,0.33133813988669236,0.0,5.625,1.0,False,False
2022-11-02,DCX Systems Ltd.,0.7816541231107711,1.0,38.28502415458937,0.02171552660152009,True,False
2022-11-04,Fusion Micro Finance Ltd.,0.29750781662596526,0.0,-2.309782608695652,0.9615384615384615,False,False
2022-11-07,Bikaji Foods International Ltd.,0.5607976386259681,1.0,7.600000000000004,0.141643059490085,True,False
2022-11-07,Global Health Ltd.,0.4062743708494188,0.0,19.345238095238095,0.2531645569620253,False,False
2022-11-11,Archean Chemical Industries Ltd.,0.6093882772384912,1.0,10.565110565110565,0.07262164124909223,True,False
2022-11-11,Five-Star Business Finance Ltd.,0.2442098222669596,0.0,-1.0970464135021074,1.0,False,False
2022-11-14,Kaynes Technology India Ltd.,0.611346396720105,1.0,32.538330494037474,0.04837929366231253,True,False
2022-11-15,Inox Green Energy Services Ltd.,0.3225490389380314,0.0,-7.6923076923076925,1.0,False,False
2022-11-16,Keystone Realtors Ltd.,0.2976254450511095,0.0,2.5878003696857674,0.3546099290780142,False,False
2022-11-30,Dharmaj Crop Guard Ltd.,0.7097967984284972,1.0,12.257383966244731,0.016490765171503958,True,False
2022-12-02,Uniparts India Ltd.,0.5872354373846755,1.0,-0.34662045060658575,0.05115089514066496,True,False
2022-12-14,Sula Vineyards Ltd.,0.31401951842737746,0.0,0.2801120448179272,0.6896551724137931,False,False
2022-12-15,Abans Holdings Ltd.,0.28235332232580845,0.0,1.1111111111111112,0.6802721088435374,False,False
2022-12-15,Landmark Cars Ltd.,0.3089221630099251,0.0,-6.91699604743083,0.7462686567164178,False,False
2022-12-21,KFin Technologies Ltd.,0.28910635829218545,0.0,0.273224043715847,1.0,False,False
2022-12-22,Elin Electronics Ltd.,0.3545466109793073,0.0,-1.214574898785425,0.29850746268656714,False,False
2022-12-27,Radiant Cash Management Services Ltd.,0.25538167808459644,0.0,9.574468085106384,0.9345794392523364,False,False
2023-01-04,Sah Polymers Ltd.,0.6171726887374981,1.0,30.76923076923077,0.030497102775236352,True,False
2023-03-03,Divgi TorqTransfer Systems Ltd.,0.38009592344625753,0.0,5.084745762711865,0.7299270072992701,False,False
2023-03-15,Global Surfaces Ltd.,0.5203121526274949,1.0,17.142857142857142,0.030102347983142687,True,False
2023-03-23,Udayshivakumar Infra Ltd.,0.7154248718414391,1.0,-100.0,0.015506280043417585,True,False
2023-04-06,Avalon Technologies Ltd.,0.2733297914005081,0.0,0.0,1.0,False,False
2023-04-27,Mankind Pharma Ltd.,0.4367671624587784,1.0,20.37037037037037,0.2785515320334262,True,False
2023-06-08,IKIO Lighting Ltd.,0.7379996873837344,1.0,37.719298245614034,0.016350555918901243,True,False
2023-06-23,HMA Agro Industries Ltd.,0.29649885013309635,0.0,6.837606837606838,0.3194888178913738,False,False
2023-06-30,ideaForge Technology Ltd.,0.8187587189270814,0.5,93.45238095238095,0.012753475322025252,True,False
2023-06-30,Cyient DLM Ltd.,0.7709998577822248,0.5,52.075471698113205,0.021244954323348206,True,False
2023-07-06,Senco Gold Ltd.,0.7551335448009417,1.0,35.646687697160885,0.014677821811243212,True,False
2023-07-14,Utkarsh Small Finance Bank Ltd.,0.8212149242978314,1.0,60.0,0.011349449551696743,True,False
2023-07-19,Netweb Technologies India Ltd.,0.776505307897702,1.0,89.4,0.01187507421921387,True,False
2023-07-28,Yatharth Hospital & Trauma Care Services Ltd.,0.6602282193173097,1.0,2.0333333333333408,0.02594706798131811,True,False
2023-08-07,SBFC Finance Ltd.,0.7334139274558866,1.0,43.859649122807014,0.019201228878648235,True,False
2023-08-08,Concord Biotech Ltd.,0.569259050730907,1.0,21.46423751686909,0.05903187721369539,True,False
2023-08-14,TVS Supply Chain Solutions Ltd.,0.3771543526372862,0.0,5.1015228426396,0.42016806722689076,False,False
2023-08-22,Pyramid Technoplast Ltd.,0.5986811434646752,1.0,12.650602409638553,0.031007751937984496,True,False
2023-08-24,Aeroflex Industries Ltd.,0.8103961397046358,1.0,75.92592592592592,0.0076103500761035,True,False
2023-08-28,Vishnu Prakash R.Punglia Ltd.,0.7970772584901693,1.0,66.66666666666666,0.008936550491510277,True,False
2023-09-01,Rishabh Instruments Ltd.,0.6408130350361841,1.0,4.3197278911564645,0.03185727938834024,True,False
2023-09-06,Ratnaveer Precision Engineering Ltd.,0.8174854458725241,1.0,25.71428571428572,0.007452675510508272,True,False
2023-09-08,Jupiter Life Line Hospitals Ltd.,0.6995648325605593,1.0,32.38095238095238,0.027442371020856202,True,False
2023-09-12,EMS Ltd.,0.7802691395611037,1.0,33.672985781990526,0.011938872970391595,True,False
2023-09-15,R R Kabel Ltd.,0.5134757526414361,1.0,14.009661835748794,0.07704160246533127,True,False
2023-09-18,SAMHI Hotels Ltd.,0.330958097849382,0.0,6.746031746031746,0.7936507936507936,False,False
2023-09-18,Zaggle Prepaid Ocean Services Ltd.,0.4955950497176886,1.0,0.0,0.10952902519167579,True,False
2023-09-20,Yatra Online Ltd.,0.2884445831756803,0.0,-10.211267605633804,1.0,False,False
2023-09-22,Sai Silks (Kalamandir) Ltd.,0.3432524130904178,0.0,4.054054054054054,0.390625,False,False
2023-09-22,Signatureglobal (India) Ltd.,0.5125758781574815,1.0,15.324675324675324,0.07027406886858749,True,False
2023-09-26,Manoj Vaibhav Gems 'N' Jewellers Ltd.,0.32862856573974175,0.0,0.0,0.1869158878504673,False,False
2023-09-27,Updater Services Ltd.,0.3032296140784153,0.0,-5.0,1.0,False,False
2023-09-27,JSW Infrastructure Ltd.,0.6286697982962532,1.0,20.168067226890756,0.059737156511350066,True,False
2023-10-03,Valiant Laboratories Ltd.,0.6639598124761359,1.0,15.821428571428575,0.013561160835367509,True,False
2023-10-05,Plaza Wires Ltd.,0.8939994288640338,1.0,40.74074074074074,0.0025823111684958036,True,False
2023-10-20,IRM Energy Ltd.,0.6401576652768876,1.0,-5.4950495049504955,0.020416496529195593,True,False
2023-10-27,Blue Jet Healthcare Ltd.,0.44549296299522906,1.0,9.826589595375722,0.07418397626112759,True,False
2023-11-01,Cello World Ltd.,0.6149375274607072,1.0,27.9320987654321,0.0408997955010225,True,False
2023-11-02,Honasa Consumer Ltd.,0.37450605714957064,0.0,1.8518518518518516,0.24875621890547267,False,False
2023-11-07,ESAF Small Finance Bank Ltd.,0.7664385008945299,1.0,18.333333333333332,0.011244799280332845,True,False
2023-11-08,Protean eGov Technologies Ltd.,0.6209099315640563,1.0,0.0,0.031269543464665414,True,False
2023-11-09,ASK Automotive Ltd.,0.6653247796155016,1.0,7.553191489361706,0.028224668360146768,True,False
2023-11-23,Indian Renewable Energy Development Agency Ltd.,0.6784714427274319,1.0,56.25,0.04351610095735422,True,False
2023-11-24,Fedbank Financial Services Ltd.,0.30707216164801604,0.0,-1.4285714285714286,0.6622516556291391,False,False
2023-11-24,Gandhar Oil Refinery (India) Ltd.,0.7939508958421152,0.3333333333333333,76.33136094674556,0.015386982612709649,True,False
2023-11-24,Tata Technologies Ltd.,0.7813482718774397,0.3333333333333333,140.0,0.01590583744234134,True,False
2023-11-24,Flair Writing Industries Ltd.,0.7314006905599804,0.3333333333333333,64.80263157894737,0.028105677346824058,True,False
2023-12-15,DOMS Industries Ltd.,0.832348134391115,0.5,77.21518987341773,0.014400921658986175,True,False
2023-12-15,India Shelter Finance Corp.Ltd.,0.6958502936559219,0.5,25.760649087221093,0.033602150537634407,True,False
2023-12-18,Inox India Ltd.,0.7623749128058124,1.0,43.88636363636363,0.018960940462646948,True,False
2023-12-20,Suraj Estate Developers Ltd.,0.5944222322369097,0.3333333333333333,-5.555555555555555,0.05027652086475616,True,False
2023-12-20,Motisons Jewellers Ltd.,0.9165963910364677,0.3333333333333333,98.18181818181819,0.0014166713889046296,True,False
2023-12-20,Muthoot Microfin Ltd.,0.5395095156073972,0.3333333333333333,-5.395189003436422,0.07358351729212656,True,False
2023-12-21,Happy Forgings Ltd.,0.7897004008777126,0.3333333333333333,17.647058823529413,0.015837820715869495,True,False
2023-12-21,RBZ Jewellers Ltd.,0.6133631920200181,0.3333333333333333,0.0,0.10964912280701755,True,False
2023-12-21,Credo Brands Marketing Ltd.,0.7586937030327949,0.3333333333333333,0.8392857142857224,0.01913143294432753,True,False
2023-12-22,Azad Engineering Ltd.,0.8108640594743918,1.0,37.404580152671755,0.01105094485578517,True,False
2023-12-26,Innova Captab Ltd.,0.7630227938845072,1.0,0.9151785714285765,0.015382248884786955,True,False
2024-01-11,Jyoti CNC Automation Ltd.,0.71865751350615,1.0,11.782477341389729,0.0261028452101279,True,False
2024-01-17,Medi Assist Healthcare Services Ltd.,0.5385811740804913,1.0,10.047846889952153,0.06775067750677508,True,False
2024-01-24,EPACK Durable Ltd.,0.5834379858022096,1.0,-3.91304347826087,0.034411562284927734,True,False
2024-01-25,Nova AgriTech Ltd.,0.8588066469713369,1.0,34.146341463414636,0.004300335426163241,True,False
2024-02-01,BLS E-Services Ltd.,0.903109078384523,1.0,125.92592592592592,0.003355479498020267,True,False
2024-02-07,Apeejay Surrendra Park Hotels Ltd.,0.7698393664087225,1.0,20.0,0.01847063169560399,True,False
2024-02-09,Jana Small Finance Bank Ltd.,0.5966616304445069,0.5,-4.3478260869565215,0.03819709702062643,True,False
2024-02-09,Capital Small Finance Bank Ltd.,0.3759262288259513,0.0,-8.066239316239317,0.24330900243309,False,False
2024-02-09,Rashi Peripherals Ltd.,0.7555318244875276,0.5,9.163987138263666,0.015158405335758678,True,False
2024-02-13,Entero Healthcare Solutions Ltd.,0.2605895357817344,0.0,-2.3290937996820316,1.0,False,False
2024-02-15,Vibhor Steel Tubes Ltd.,0.9292114998557609,1.0,181.4569536423841,0.0012975722423345922,True,False
2024-02-23,Juniper Hotels Ltd.,0.2824703306574409,0.0,1.3888888888888888,1.0,False,False
2024-02-26,GPT Healthcare Ltd.,0.45515676208827877,1.0,15.591397849462366,0.09066183136899365,True,False
2024-02-29,Platinum Industries Ltd.,0.8466133259433966,0.5,31.57894736842105,0.0070591557249752935,True,False
2024-02-29,Exicom Tele-Systems Ltd.,0.8770945581703707,0.5,86.61971830985915,0.006296436217101121,True,False
2024-03-04,Mukka Proteins Ltd.,0.869720469564,1.0,42.857142857142854,0.004056136935182932,True,False
2024-03-06,R K SWAMY Ltd.,0.6835369868616299,1.0,-13.194444444444445,0.02927400468384075,True,False
2024-03-07,J.G.Chemicals Ltd.,0.6854845626097392,1.0,-5.429864253393665,0.020955574182732608,True,False
2024-03-11,Gopal Snacks Ltd.,0.48599605320551514,1.0,-12.468827930174564,0.10050251256281408,True,False
2024-03-14,Popular Vehicles & Services Ltd.,0.25998514294922087,0.0,-1.9661016949152579,1.0,False,False
2024-03-18,Krystal Integrated Services Ltd.,0.5099813430751147,1.0,9.79020979020979,0.022036139268400173,True,False
2024-03-28,SRM Contractors Ltd.,0.8246163881338971,1.0,2.5,0.004658095770449041,True,False
2024-04-05,Bharti Hexacom Ltd.,0.5483202880200072,1.0,32.45614035087719,0.09727626459143969,True,False
2024-04-25,JNK India Ltd.,0.616728950336024,1.0,49.63855421686747,0.0502008032128514,True,False
2024-05-08,Indegene Ltd.,0.7513957168310023,1.0,44.911504424778755,0.01771793054571226,True,False
2024-05-10,TBO Tek Ltd.,0.7848169866334732,0.5,55.00000000000001,0.019766752322593395,True,False
2024-05-10,Aadhar Housing Finance Ltd.,0.5843975306698647,0.5,0.0,0.057770075101097634,True,False
2024-05-17,Go Digit General Insurance Ltd.,0.45426553708913425,1.0,5.147058823529411,0.1383125864453665,True,False
2024-05-27,Awfis Space Solutions Ltd.,0.8374115095236004,1.0,13.577023498694519,0.0076869859328157425,True,False
2024-06-05,Kronox Lab Sciences Ltd.,0.8551799135188999,1.0,21.286764705882344,0.0032866627226713994,True,False
2024-06-12,Le Travenues Technology Ltd.,0.8298998460781332,1.0,48.49462365591397,0.009017945711966813,True,False
2024-06-21,Akme Fintrade (India) Ltd.,0.7812146998411295,0.5,5.833333333333333,0.007634753397465262,True,False
2024-06-21,DEE Development Engineers Ltd.,0.8316588776316214,0.5,66.99507389162561,0.006798096532970768,True,False
2024-06-25,Stanley Lifestyles Ltd.,0.8176776130874152,1.0,34.132791327913274,0.00821962847279303,True,False
2024-06-27,Allied Blenders & Distillers Ltd.,0.6129168781918064,1.0,13.87900355871886,0.02935995302407516,True,False
2024-06-28,Vraj Iron & Steel Ltd.,0.8673194576532436,1.0,15.942028985507244,0.004514265077645359,True,False
2024-07-05,Emcure Pharmaceuticals Ltd.,0.7406257556659466,0.5,31.45337301587301,0.0203210729526519,True,False
2024-07-05,Bansal Wire Industries Ltd.,0.7626477419003281,0.5,39.0625,0.01846381093057607,True,False
2024-07-23,Sanstar Ltd.,0.811974791740103,1.0,14.736842105263156,0.007394808844191378,True,False
2024-08-01,Akums Drugs & Pharmaceuticals Ltd.,0.749600238239451,1.0,6.774668630338733,0.02372479240806643,True,False
2024-08-05,Ceigall India Ltd.,0.5342698333083614,1.0,4.488778054862843,0.06734006734006734,True,False
2024-08-06,Ola Electric Mobility Ltd.,0.3693757177229352,0.0,0.0,0.45454545454545453,False,False
2024-08-08,Brainbees Solutions Ltd.,0.4412457472526615,0.5,40.0,0.21321961620469082,True,False
2024-08-08,Unicommerce eSolutions Ltd.,0.8909264805517769,0.5,117.59259259259258,0.003933910306845004,True,False
2024-08-14,Saraswati Saree Depot Ltd.,0.8781761085022598,1.0,21.25,0.0027722333111554667,True,False
2024-08-21,Interarch Building Products Ltd.,0.817255172083022,1.0,35.55555555555556,0.007844367743959836,True,False
2024-08-23,Orient Technologies Ltd.,0.8818237645541253,1.0,39.80582524271845,0.0033081910811168457,True,False
2024-08-29,Premier Energies Ltd.,0.7507475523069296,1.0,120.0,0.019712201852946976,True,False
2024-08-30,ECOS (India) Mobility & Hospitality Ltd.,0.7795293451235077,1.0,16.766467065868262,0.014238929232521713,True,False
2024-09-03,Baazar Style Retail Ltd.,0.7072867308685779,1.0,0.0,0.016798252981689903,True,False
2024-09-04,Gala Precision Engineering Ltd.,0.9063934541791328,1.0,36.31379962192817,0.0023482998309224123,True,False
2024-09-09,Shree Tirupati Balajee Agro Trading Co.Ltd.,0.8696095433592907,1.0,8.433734939759036,0.00478423117405033,True,False
2024-09-11,Tolins Tyres Ltd.,0.67330005317597,0.3333333333333333,0.8849557522123894,0.034818941504178275,True,False
2024-09-11,Kross Ltd.,0.6105303445907455,0.3333333333333333,0.0,0.04280821917808219,True,False
2024-09-11,Bajaj Housing Finance Ltd.,0.7455301950283011,0.3333333333333333,114.28571428571428,0.023337222870478413,True,False
2024-09-12,P N Gadgil Jewellers Ltd.,0.7726291544189987,1.0,72.91666666666666,0.016980811682798438,True,False
2024-09-19,Western Carriers (India) Ltd.,0.7091903196203794,0.3333333333333333,-0.5813953488372093,0.02149151085321298,True,False
2024-09-19,Arkade Developers Ltd.,0.8614945311299572,0.3333333333333333,36.71875,0.00573953968891695,True,False
2024-09-19,Northern Arc Capital Ltd.,0.8481313238546866,0.3333333333333333,33.07984790874524,0.00669702652022502,True,False
2024-09-25,Manba Finance Ltd.,0.9094262977876477,1.0,25.0,0.001953468383114219,True,False
2024-09-27,KRN Heat Exchanger & Refrigeration Ltd.,0.9083772798962412,1.0,118.18181818181819,0.0023357937027001776,True,False
2024-09-30,Diffusion Engineers Ltd.,0.8389137823643277,1.0,15.178571428571427,0.01308557969118032,True,False
2024-10-10,Garuda Construction & Engineering Ltd.,0.4633204742356604,1.0,10.526315789473683,0.11198208286674133,True,False
2024-10-17,Hyundai Motor India Ltd.,0.2719155429352474,0.0,-1.3265306122448979,1.0,False,False
2024-10-23,Deepak Builders & Engineers India Ltd.,0.7307609974983282,0.5,-1.477832512315271,0.01223391240518718,True,False
2024-10-23,Waaree Energies Ltd.,0.7752515075823878,0.5,66.33399866932801,0.015467904098994584,True,False
2024-10-25,Godavari Biorefineries Ltd.,0.28829511516054573,0.0,-12.5,1.0,False,False
2024-10-29,Afcons Infrastructure Ltd.,0.31827189850304916,0.0,-7.991360691144708,0.19120458891013384,False,False
2024-11-07,Sagility India Ltd.,0.34896519170938073,0.0,3.533333333333329,0.5319148936170213,False,False
2024-11-08,Swiggy Ltd.,0.2912972200303886,0.0,7.6923076923076925,1.0,False,False
2024-11-08,ACME Solar Holdings Ltd.,0.3248842874678592,0.0,-13.148788927335639,1.0,False,False
2024-11-11,Niva Bupa Health Insurance Co.Ltd.,0.29831248610570577,0.0,6.081081081081082,1.0,False,False
2024-11-18,Zinka Logistics Solutions Ltd.,0.2674242677995624,0.0,2.2161172161172202,1.0,False,False
2024-11-22,NTPC Green Energy Ltd.,0.32617108931711875,0.0,3.2407407407407405,1.0,False,False
2024-11-26,Enviro Infra Engineers Ltd.,0.8194645995871225,1.0,48.64864864864865,0.006554368486596317,True,False
2024-12-03,Suraksha Diagnostic Ltd.,0.26147141606395047,0.0,-0.6802721088435374,0.7194244604316548,False,False
2024-12-13,One Mobikwik Systems Ltd.,0.8725139396841997,0.3333333333333333,57.70609318996416,0.00874278720055954,True,False
2024-12-13,Sai Life Sciences Ltd.,0.43802869879508494,0.3333333333333333,18.397085610200364,0.2004008016032064,True,False
2024-12-13,Vishal Mega Mart Ltd.,0.5866538526103782,0.3333333333333333,33.33333333333333,0.06684491978609625,True,False
2024-12-16,Inventurus Knowledge Solutions Ltd.,0.7051890974041946,1.0,42.964635063957864,0.043233895373973194,True,False
2024-12-17,International Gemmological Institute (India) Ltd.,0.6589249289097981,1.0,22.302158273381295,0.03869969040247678,True,False
2024-12-23,Mamata Machinery Ltd.,0.9073568796636645,0.2,146.9135802469136,0.0036663611365719525,True,False
2024-12-23,Concord Enviro Systems Ltd.,0.5184750648444442,0.2,17.83166904422254,0.06944444444444445,True,False
2024-12-23,Sanathan Textiles Ltd.,0.6937496745361854,0.2,31.5576323987539,0.022593764121102578,True,False
2024-12-23,Transrail Lighting Ltd.,0.8083703776963139,0.2,36.574074074074076,0.012804097311139566,True,False
2024-12-23,DAM Capital Advisors Ltd.,0.8144843673120385,0.2,38.869257950530034,0.010193679918450561,True,False
2024-12-24,Carraro India Ltd.,0.21874978204665368,0.0,-7.528409090909091,1.0,False,True
2024-12-24,Ventive Hospitality Ltd.,0.456385385282942,0.5,11.35303265940902,0.06877579092159561,True,True
2024-12-24,Senores Pharmaceuticals Ltd.,0.8329826973196847,0.5,51.841432225063954,0.010193679918450561,True,True
2024-12-26,Unimech Aerospace & Manufacturing Ltd.,0.8912970841467703,1.0,85.98726114649682,0.0036333248555753365,True,True
2025-01-02,Indo Farm Equipment Ltd.,0.9086817590677161,1.0,19.069767441860467,0.0020060582960540834,True,True
2025-01-08,Standard Glass Lining Technology Ltd.,0.8933858181937138,1.0,25.71428571428571,0.0036560397777127816,True,True
2025-01-09,Quadrant Future Tek Ltd.,0.9004694805401072,1.0,27.586206896551722,0.0037639265281541705,True,True
2025-01-15,Laxmi Dental Ltd.,0.8409326350065719,1.0,26.635514018691588,0.006782419967444385,True,True
2025-01-20,Stallion India Fluorochemicals Ltd.,0.8940935607460933,1.0,33.33333333333333,0.0023578788521845745,True,True
2025-01-24,Denta Water & Infra Solutions Ltd.,0.9046499989728173,1.0,10.54421768707483,0.001979610016826685,True,True
2025-01-31,Dr.Agarwal's Health Care Ltd.,0.22243765400985588,0.0,0.0,1.0,False,True
2025-02-12,Ajax Engineering Ltd.,0.38493921881359494,0.0,-8.426073131955485,0.15600624024961,False,True
2025-02-14,Hexaware Technologies Ltd.,0.24040702866037475,0.0,5.296610169491525,1.0,False,True
2025-02-18,Quality Power Electrical Equipments Ltd.,0.22778675326900014,0.0,1.1764705882352942,1.0,False,True
2025-04-30,Ather Energy Ltd.,0.23655130854812267,0.0,2.1806853582554515,1.0,False,True
2025-05-22,Borana Weaves Ltd.,0.8757292115823565,1.0,12.5,0.004215318467310205,True,True
2025-05-23,Belrise Industries Ltd.,0.4335116664363246,1.0,11.11111111111111,0.024521824423737126,True,True
2025-05-28,Schloss Bangalore Ltd.,0.2814719538528037,0.0,-6.666666666666667,0.9433962264150942,False,True
2025-05-28,Aegis Vopak Terminals Ltd.,0.23521594460882728,0.0,-6.382978723404255,1.0,False,True
2025-05-29,Prostarm Info Systems Ltd.,0.8282498422939488,1.0,14.285714285714285,0.004489337822671156,True,True
2025-05-30,Scoda Tubes Ltd.,0.761556698707707,1.0,0.0,0.008183306055646482,True,True
2025-06-17,Oswal Pumps Ltd.,0.6404842710438301,1.0,3.257328990228013,0.026184865147944488,True,True
2025-06-20,Arisinfra Solutions Ltd.,0.31366555620121805,0.0,-7.657657657657657,0.32573289902280134,False,True
2025-06-26,Globe Civil Projects Ltd.,0.8246921837939802,0.5,26.76056338028169,0.007037297677691767,True,True
2025-06-26,Kalpataru Ltd.,0.25802860392689014,0.0,0.0,0.7194244604316548,False,True
2025-06-26,Ellenbarrie Industrial Gases Ltd.,0.5501578229340021,0.5,21.5,0.06435006435006435,True,True
2025-06-27,HDB Financial Services Ltd.,0.5068752334921746,0.5,12.837837837837837,0.09765625,True,True
2025-06-27,Sambhv Steel Tubes Ltd.,0.6522359439045077,0.5,34.146341463414636,0.0297441998810232,True,True
2025-06-30,Indogulf Cropsciences Ltd.,0.5527102080757967,1.0,0.0,0.01971608832807571,True,True
2025-07-04,Crizac Ltd.,0.7540405386573565,1.0,14.714285714285719,0.012580198767140522,True,True
2025-07-09,Travel Food Services Ltd.,0.2768053580234829,0.0,2.272727272727273,0.6172839506172839,False,True
2025-07-14,Smartworks Coworking Spaces Ltd.,0.513259101047743,1.0,6.87960687960688,0.04231908590774439,True,True
2025-07-16,Anthem Biosciences Ltd.,0.7310259527807607,1.0,26.85087719298245,0.02289901534234028,True,True
2025-07-25,GNG Electronics Ltd.,0.8758885057144276,0.5,49.789029535864984,0.0042115902964959566,True,True
2025-07-25,Indiqube Spaces Ltd.,0.5082240743952197,0.5,-8.860759493670885,0.1160092807424594,True,True
2025-07-28,Brigade Hotel Ventures Ltd.,0.4108010262225501,1.0,-9.888888888888896,0.09900990099009901,True,True
2025-07-29,Shanti Gold International Ltd.,0.8109651314161231,1.0,14.346733668341713,0.006601095781899795,True,True
2025-07-31,Aditya Infotech Ltd.,0.8216591244020832,1.0,50.37037037037037,0.013241525423728815,True,True
2025-07-31,Laxmi India Finance Ltd.,0.26806068372445124,0.0,-12.962025316455689,0.5494505494505494,False,True
2025-08-01,M&B Engineering Ltd.,0.6976165805456576,0.3333333333333333,0.0,0.024888003982080638,True,True
2025-08-01,Sri Lotus Developers & Realty Ltd.,0.7886599387786517,0.3333333333333333,18.666666666666668,0.01625223468226881,True,True
2025-08-01,National Securities Depository Ltd.,0.6837026289734973,0.3333333333333333,10.0,0.02877697841726619,True,True
2025-08-07,Highway Infrastructure Ltd.,0.9321662369169808,1.0,64.28571428571429,0.0021227366320660597,True,True
2025-08-11,All Time Plastics Ltd.,0.447795570401321,0.5,13.200000000000003,0.07194244604316546,True,True
2025-08-11,JSW Cement Ltd.,0.41794220708064184,0.5,4.421768707482993,0.08650519031141868,True,True
2025-08-13,BlueStone Jewellery & Lifestyle Ltd.,0.2537586491019992,0.0,-1.3539651837524178,1.0,False,True
2025-08-14,Regaal Resources Ltd.,0.8577255001414475,1.0,38.23529411764706,0.0028149190710767065,True,True
2025-08-21,Gem Aromatics Ltd.,0.6616618893948715,0.25,2.4923076923076994,0.02178649237472767,True,True
2025-08-21,Shreeji Shipping Global Ltd.,0.7666202892535177,0.25,7.142857142857142,0.013770311209033324,True,True
2025-08-21,Patel Retail Ltd.,0.8498637899548059,0.25,17.647058823529413,0.009267840593141797,True,True
2025-08-21,Vikram Solar Ltd.,0.7275529404746199,0.25,1.8072289156626504,0.01893939393939394,True,True
2025-08-22,Mangal Electrical Industries Ltd.,0.47015955264340364,1.0,-0.8912655971479502,0.050761421319796954,True,True
2025-08-29,Anlon Healthcare Ltd.,0.5042160877732229,0.5,1.098901098901099,0.09523809523809523,True,True
2025-08-29,Vikran Engineering Ltd.,0.6205328637469504,0.5,2.0618556701030926,0.01621271076523995,True,True
2025-09-03,Amanta Healthcare Ltd.,0.7996556505846618,1.0,7.142857142857142,0.004781714722899632,True,True
2025-09-12,Urban Co.Ltd.,0.8155678089991785,0.3333333333333333,57.52427184466019,0.012899896800825594,True,True
2025-09-12,Dev Accelerator Ltd.,0.7857574497210729,0.3333333333333333,0.0,0.011429877700308608,True,True
2025-09-12,Shringar House of Mangalsutra Ltd.,0.7759923435054553,0.3333333333333333,14.242424242424242,0.012141816415735794,True,True
2025-09-18,Euro Pratik Sales Ltd.,0.23946298887620707,0.0,10.161943319838066,0.5128205128205129,False,True
2025-09-19,VMS TMT Ltd.,0.8453315377494831,1.0,5.9595959595959656,0.0044210619390777665,True,True
2025-09-22,Ivalue Infosolutions Ltd.,0.2506050700590504,0.0,-4.698996655518398,0.8474576271186441,False,True
2025-09-23,Saatvik Green Energy Ltd.,0.4055281537386513,0.0,0.0,0.0949667616334283,False,True
2025-09-23,GK Energy Ltd.,0.8169178744839964,1.0,11.76470588235294,0.007794839816041781,True,True
2025-09-24,Atlanta Electricals Ltd.,0.7632455494059779,1.0,13.660477453580903,0.017985611510791366,True,True
2025-09-24,Ganesh Consumer Products Ltd.,0.2890937558375007,0.0,-8.05900621118012,0.2320185614849188,False,True
2025-09-25,Anand Rathi Share & Stock Brokers Ltd.,0.5894922061438695,0.25,4.3478260869565215,0.033288948069241014,True,True
2025-09-25,Solarworld Energy Solutions Ltd.,0.7803318165703459,0.25,10.683760683760683,0.01470155836518671,True,True
2025-09-25,Jaro Institute of Technology Management & Research Ltd.,0.6180627358514639,0.25,0.0,0.026874496103198066,True,True
2025-09-25,Seshaasai Technologies Ltd.,0.757541208662585,0.25,2.127659574468085,0.019504583577140626,True,True
2025-09-26,Epack Prefab Technologies Ltd.,0.3061520568919188,0.0,-9.87745098039216,0.267379679144385,False,True
2025-09-26,Jain Resource Recycling Ltd.,0.4705511755373104,1.0,14.24568965517242,0.17921146953405018,True,True
2025-09-26,BMW Ventures Ltd.,0.23153785825891285,0.0,-21.21212121212121,0.9259259259259258,False,True
2025-09-29,Jinkushal Industries Ltd.,0.7765712336339471,0.5,3.3057851239669422,0.006854009595613434,True,True
2025-09-29,Trualt Bioenergy Ltd.,0.7765845243603213,0.5,9.959677419354835,0.009713453132588635,True,True
2025-09-30,Pace Digitek Ltd.,0.24928089118693755,0.0,2.73972602739726,0.3401360544217687,False,True
2025-10-01,Fabtech Technologies Ltd.,0.2803265488611528,0.0,0.5235602094240838,0.5128205128205129,False,True
2025-10-01,Glottis Ltd.,0.27051201915882656,0.0,-34.883720930232556,0.32679738562091504,False,True
2025-10-03,Om Freight Forwarders Ltd.,0.35634888055860664,0.0,-39.62962962962963,0.13550135501355015,False,True
2025-10-03,Advance Agrolife Ltd.,0.7363508499951871,1.0,14.000000000000002,0.005729017473503294,True,True
2025-10-07,WeWork India Management Ltd.,0.20442306877709904,0.0,0.30864197530864196,1.0,False,True
2025-10-08,Tata Capital Ltd.,0.2563712963729706,0.0,1.2269938650306749,0.5128205128205129,False,True
2025-10-09,LG Electronics India Ltd.,0.6742514987521354,1.0,50.00877192982456,0.045289855072463775,True,True
2025-10-13,Canara Robeco Asset Management Co.Ltd.,0.428227925793075,0.5,5.357142857142857,0.15625,True,True
2025-10-13,Rubicon Research Ltd.,0.815906158587842,0.5,27.835051546391753,0.009821253191907287,True,True
2025-10-14,Canara HSBC Life Insurance Co.Ltd.,0.23959178374441975,0.0,0.0,1.0,False,True
2025-10-17,Midwest Ltd.,0.8184860024315308,1.0,9.389671361502346,0.005695733895312412,True,True
2025-10-31,Orkla India Ltd.,0.7067562380610615,1.0,2.7534246575342496,0.018433179723502304,True,True
2025-11-03,Studds Accessories Ltd.,0.7906418766103184,1.0,-3.418803418803419,0.013044612575006522,True,True
2025-11-04,Lenskart Solutions Ltd.,0.5881607261826247,1.0,-1.7412935323383085,0.05470459518599562,True,True
2025-11-07,Billionbrains Garage Ventures Ltd.,0.5358305632166122,1.0,12.0,0.07092198581560284,True,True
2025-11-11,Pine Labs Ltd.,0.24329426645849325,0.0,9.502262443438914,1.0,False,True
2025-11-13,Emmvee Photovoltaic Power Ltd.,0.21248312071155587,0.0,0.0,1.0,False,True
2025-11-13,PhysicsWallah Ltd.,0.23305228678646867,0.0,33.02752293577982,1.0,False,True
2025-11-14,Tenneco Clean Air India Ltd.,0.7186797689769481,1.0,27.204030226700255,0.023446658851113716,True,True
2025-11-17,Fujiyama Power Systems Ltd.,0.2558491157375307,0.0,-3.508771929824561,1.0,False,True
2025-11-18,Capillary Technologies India Ltd.,0.7103090393926185,1.0,-0.8838821490467977,0.01439055979277594,True,True
2025-11-21,Excelsoft Technologies Ltd.,0.7220127223884512,1.0,12.5,0.009370314842578711,True,True
2025-11-25,Sudeep Pharma Ltd.,0.8068068569902522,1.0,23.102866779089375,0.00860733344809778,True,True
2025-12-05,Vidya Wires Ltd.,0.6239480539361979,0.3333333333333333,0.0,0.017969451931716084,True,True
2025-12-05,Meesho Ltd.,0.7553843198504441,0.3333333333333333,46.3963963963964,0.025451768897938407,True,True
2025-12-05,Aequs Ltd.,0.8313042870748076,0.3333333333333333,12.903225806451612,0.01205254911413764,True,True
2025-12-10,Wakefit Innovations Ltd.,0.2768976004127871,0.0,0.0,0.9803921568627451,False,True
2025-12-10,Corona Remedies Ltd.,0.8619445311765928,1.0,38.4180790960452,0.004556016219417741,True,True
2025-12-12,Nephrocare Health Services Ltd.,0.49959522938206175,0.5,6.521739130434782,0.040436716538617065,True,True
2025-12-12,Park Medi World Ltd.,0.43888807867479923,0.5,-1.9753086419753016,0.06447453255963895,True,True
2025-12-16,ICICI Prudential Asset Management Co.Ltd.,0.62993064737142,1.0,20.092378752886837,0.047619047619047616,True,True
2025-12-18,KSH International Ltd.,0.21115712755075305,0.0,-3.6458333333333335,1.0,False,True
2025-12-24,Gujarat Kidney & Super Speciality Ltd.,0.399011006462424,0.0,5.263157894736842,0.2114164904862579,False,True
